"https://www.ebay.com.au/itm/GTEYE-Brake-Pedal-Spring-LOGITECH-G25-G27-G29-G920-Steering-Wheel-/150816275859","1509","29.99","0"
"https://www.ebay.com.au/itm/18-SPEED-TRUCK-SIM-SHIFTER-Logitech-G27-G29-G920-Shifter-Left-Hand-Setup-/264009265650","46","38.99","0"
"https://www.ebay.com.au/itm/Logitech-Wireless-Speaker-Audio-Adapter-Bluetooth-audio-devices-980-000914-/141177164487","458","59","0"
"https://www.ebay.com.au/itm/Logitech-G29-G920-Steering-Wheel-Stainless-Steel-Adapter-Plate-Fits-70mm-Wheel-/132664426476","61","53.99","0"
"https://www.ebay.com.au/itm/Replacement-Unifying-Receiver-Logitech-Wireless-Touch-Keyboard-K400-K400R-AU-/282673743165","244","28.09","0"
"https://www.ebay.com.au/itm/Logitech-MX518-Legendary-FPS-Gaming-Mouse-16000-DPI-8-Programmable-Buttons-/202709919120","94","75","0"
"https://www.ebay.com.au/itm/L-LU18-replacement-Logitech-Harmony-Remote-Battery-Harmony-1000-1100-1100-/161508077604","586","8.99","0"
"https://www.ebay.com.au/itm/Logitech-G640-Large-Cloth-Gaming-Mouse-Pad-Free-Postage-/132525723583","286","45","0"
"https://www.ebay.com.au/itm/UE-POWER-UP-charging-dock-For-BOOM-3-MEGABOOM-3-BLAST-MEGABLAST-/123501964536","293","43","0"
"https://www.ebay.com.au/itm/Logitech-G25-G27-G29-G920-Steering-Wheel-Adapter-w-3cm-Spacer-Fits-PCD-70mm-/153308035322","31","49.8","0"
"https://www.ebay.com.au/itm/Logitech-K480-Bluetooth-Multi-Device-Keyboard-White-Free-postage-/132536435965","242","79","0"
"https://www.ebay.com.au/itm/Logitech-G25-G27-G29-G920-18-SPEED-Truck-Shifter-MOD-ETS-ATS-/153389644007?var=","85","43.99","0"
"https://www.ebay.com.au/itm/GTEYE-Complete-Pedal-Spring-Upgrade-LOGITECH-G25-G27-G29-G920-Racing-Wheel-/163662913352","278","69.95","0"
"https://www.ebay.com.au/itm/Logitech-G25-G920-G27-Steering-Wheel-Adapter-Fits-PCD-70cm-/153308038336","29","35.99","0"
"https://www.ebay.com.au/itm/Logitech-910-005601-Pebble-Wireless-Mouse-M350-Rose-/163825577238","21","39","6"
"https://www.ebay.com.au/itm/Logitech-G27-G29-G920-Handbrake-Mod-Adapter-/283628751466","5","13.5","0"
"https://www.ebay.com.au/itm/GTEYE-Brake-Pedal-Spring-LOGITECH-G25-G27-G29-G920-Racing-Wheel-Upgrade-Mod-/153798236596","172","29.99","0"
"https://www.ebay.com.au/itm/Satin-Black-Paddle-Shifters-Logitech-G25-G27-Wheel-UPGRADE-Fits-13-14-Wheel-/132774431053","10","59.99","0"
"https://www.ebay.com.au/itm/Battery-Logitech-Harmony-One-720-780-785-880-885-890-895-900-R-IG7-Remote-/122488546484","328","18.95","0"
"https://www.ebay.com.au/itm/NEW-Logitech-AnyAngle-Protective-Folio-iPad-Air-2-Case-Stand-Purple-/323812650525","134","24","0"
"https://www.ebay.com.au/itm/Logitech-G25-G27-G29-G920-MOMO-Aluminium-Shifter-Knob-Gear-Shift-Knob-Sim-Racing-/132542930091?var=","54","49.99","0"
"https://www.ebay.com.au/itm/GTEYE-Throttle-Spring-LOGITECH-G25-G27-G29-G920-Racing-Wheel-Upgrade-Mod-/152071679439","153","29.99","0"
"https://www.ebay.com.au/itm/Logitech-K400-Plus-Wireless-TouchPad-Unifying-Keyboard-PC-to-TV-control-White-/172453312926","97","69","0"
"https://www.ebay.com.au/itm/Logitech-G25-G27-Steering-Wheel-Stainless-Steel-Adapter-Fits-70mm-Wheel-/132530899927","40","43.99","0"
"https://www.ebay.com.au/itm/Logitech-Harmony-Universal-Remote-650-Color-screen-remote-Free-postage-/112820391773","1680","69","0"
"https://www.ebay.com.au/itm/Logitech-Driving-Force-Shifter-G29-G920-Racing-Wheels-941-000132-/143279294938","6","73.95","0"
"https://www.ebay.com.au/itm/Logitech-Wireless-Keyboard-and-Mouse-Optical-USB-MK345-Combo-Set-/293266244956","135","69","0"
"https://www.ebay.com.au/itm/Logitech-USB-Wireless-Membrane-K400-Plus-Touchpad-Keyboard-Black-/303253479692","117","65","0"
"https://www.ebay.com.au/itm/Logitech-G300S-Ergonomic-Optical-Gaming-Mouse-7-Backlit-RGB-Programmable-DPI-/123302350602","818","47.99","0"
"https://www.ebay.com.au/itm/New-Logitech-iPad-Air-2-BLOK-SHELL-Case-Drop-Protect-VIOLET-w-Screen-Protector-/323347065927","70","9.99","0"
"https://www.ebay.com.au/itm/Logitech-M585-Wireless-Multi-Device-Mouse-Graphite-/112883031198","259","48","0"
"https://www.ebay.com.au/itm/Logitech-G213-Prodigy-RGB-Gaming-Keyboard-920-008096-/163900300054","25","79","6"
"https://www.ebay.com.au/itm/Logitech-Harmony-350-Universal-Remote-Control-Free-postage-/133216894228","140","39.95","0"
"https://www.ebay.com.au/itm/Logitech-Bluetooth-Audio-Adapter-Free-Postage-/123032829080","1131","59","0"
"https://www.ebay.com.au/itm/Logitech-G300S-Optical-Gaming-Mouse-2500dpi-Customizable-Lighting-/141756679658","155","59","0"
"https://www.ebay.com.au/itm/LOGITECH-KEYBOARD-COVER-IPAD-4-3-2-ULTRATHIN-ALUMINIUM-NO-BOX-920-004722-/172382398952","96","69.95","0"
"https://www.ebay.com.au/itm/Logitech-G25-G920-G27-Steering-Wheel-Adapter-Fits-PCD-70mm-/153414897076?var=","119","35.99","0"
"https://www.ebay.com.au/itm/Logitech-Harmony-650-Universal-Remote-Control-5-in-1-COLOUR-SCREEN-/181240971639","804","72","0"
"https://www.ebay.com.au/itm/Logitech-Z120-3-5mm-Jack-USB-Power-Compact-Mini-Stereo-Speakers-PC-Computer-/172083888219","597","36.9","0"
"https://www.ebay.com.au/itm/Logitech-Driving-Force-Shifter-Shift-Knob-G29-G920-G27-AMSTUDIO-/114173138048","10","23","8.95"
"https://www.ebay.com.au/itm/Logitech-Pebble-Wireless-Mouse-Graphite-Free-Postage-/133169889871","47","49","0"
"https://www.ebay.com.au/itm/Logitech-M330-Wireless-Mouse-Ergonomic-Quiet-Mice-10M-2-4GHz-PC-Laptop-Mac-/123329370222?var=","400","46.99","0"
"https://www.ebay.com.au/itm/RGB-LED-104-Wired-Backlit-Mechanical-Feel-Gaming-Keyboard-Switches-Anti-Ghosting-/132858893530?var=","338","34.09","0"
"https://www.ebay.com.au/itm/Logitech-Keyboard-Replacement-Legs-1-Pair-Feet-K270-K270r-K260-MK270-MK270r-/173248946567","430","8","0"
"https://www.ebay.com.au/itm/Logitech-Wireless-Combo-MK270r-/163135230312","270","49","6"
"https://www.ebay.com.au/itm/Logitech-Wireless-Mouse-M238-England-/293220749798","86","15","0"
"https://www.ebay.com.au/itm/Logitech-G102-G203-Prodigy-Gaming-Mouse-RGB-Program-6-Buttons-8000-DPI-/312867348866","58","56.95","0"
"https://www.ebay.com.au/itm/NEW-Logitech-1685685-Wireless-Mouse-Grey-M185-/143316266126","169","19.95","10"
"https://www.ebay.com.au/itm/Logitech-K310-Washable-Keyboard-Waterproof-Wired-Multimedia-Shortcut-Windows-/123350251497","152","79.99","0"
"https://www.ebay.com.au/itm/RGB-LED-104-Keys-Wired-Backlit-Mechanical-Gaming-Keyboard-Switches-Anti-Ghosting-/233258188472?var=","66","29.99","0"
"https://www.ebay.com.au/itm/Logitech-G102-G203-Prodigy-Gaming-Mouse-RGB-6-Programmable-Buttons-8000-DPI-/123334398102?var=","370","59.99","0"
"https://www.ebay.com.au/itm/Logitech-H110-Wired-Stereo-Headset-Headphone-Noise-Cancelling-Mic-PC-/172966312759","85","58","0"
"https://www.ebay.com.au/itm/brand-new-LOGITECH-X100-Mobile-Bluetooth-Wireless-Speaker-Purple-Yellow-Color-/201199925832","42","59.95","0"
"https://www.ebay.com.au/itm/GTEYE-CLUTCH-AND-THROTTLE-SPRING-LOGITECH-G25-G27-G29-G920-/153143065986","56","42.95","0"
"https://www.ebay.com.au/itm/Logitech-Combo-Set-MK345-Wireless-Keyboard-and-Mouse-Optical-USB-/123652035097","68","69","0"
"https://www.ebay.com.au/itm/AU-24V-2A-Power-Supply-Adapter-Charger-Logitech-Racing-Wheel-G27-G25-G940-/192574125820","351","17.99","0"
"https://www.ebay.com.au/itm/NEW-Logitech-1789875-MK220-Wireless-Mouse-Keyboard-Pack-/143452261964","134","39","10"
"https://www.ebay.com.au/itm/Logitech-G29-G920-Driving-Force-Shifter-Add-PS4-PC-Xbox-One-/322272856847","242","60.95","0"
"https://www.ebay.com.au/itm/LOGITECH-MK270R-CORDLESS-WIRELESS-KEYBOARD-MOUSE-DESKTOP-COMBO-KIT-PC-NEW-/291854373769","91","68","0"
"https://www.ebay.com.au/itm/Logitech-Optical-Ergonomic-Mouse-USB-M570-Wireless-Trackball-PC-and-Mac-/293336320808","118","69","0"
"https://www.ebay.com.au/itm/Logitech-Harmony-350-Universal-Remote-Control-TV-Satellite-Box-DVD-Player-/171699712382","304","45","0"
"https://www.ebay.com.au/itm/Logitech-920-008843-K600-TV-Keyboard-/163900113474","50","79","6"
"https://www.ebay.com.au/itm/Logitech-Harmony-650-Universal-Remote-Control-Colour-screen-915-000173-AU-/274067022696","44","74","0"
"https://www.ebay.com.au/itm/Original-Wall-Charger-2A-Micro-USB-Cable-Logitech-UE-Boom-Blast-Megaboom-/202294617871?var=","910","24.95","0"
"https://www.ebay.com.au/itm/Logitech-Ultrathin-Keyboard-Folio-Case-Samsung-Galaxy-Tab-4-10-1-920-006400-/223531268338","54","15.95","0"
"https://www.ebay.com.au/itm/Logitech-M238-Wireless-Mouse-Doodle-Collection-Skateburger-Free-Postage-/123671129685","99","29","0"
"https://www.ebay.com.au/itm/Gaming-Controller-USB-Gamepad-Comfortable-Wired-PC-F310-Logitech-940-000112-/281993860377","98","58.5","0"
"https://www.ebay.com.au/itm/BRAND-NEW-Logitech-G402-Hyperion-Fury-ULTRA-FAST-FPS-Gaming-Mouse-/201621694481","87","69.95","0"
"https://www.ebay.com.au/itm/Logitech-M187-Wireless-Mini-Portable-USB-Optical-Mouse-White-Free-Postage-/123541914818","389","39","0"
"https://www.ebay.com.au/itm/Logitech-Protective-Case-iPad-Mini-AnyAngle-Stand-Black-939-001117-/223531256235","72","14.59","0"
"https://www.ebay.com.au/itm/NEW-Logitech-AnyAngle-Protective-Folio-iPad-Air-2-Case-Stand-/324045898558","131","24","0"
"https://www.ebay.com.au/itm/3-X-Logitech-M238-Fan-Collection-WIRELESS-MOUSE-Australia-Free-Postage-/113710565358","168","49","0"
"https://www.ebay.com.au/itm/Micro-USB-Cable-Logitech-Ultimate-Ears-UE-Boom-Bluetooth-Speaker-AU-STOCK-/312233670878","429","13.99","0"
"https://www.ebay.com.au/itm/Logitech-DRIVING-FORCE-Steering-Wheel-Shifter-G29-G920-941-000132-/171955588476","44","73","0"
"https://www.ebay.com.au/itm/Logitech-Combo-Set-Wireless-Keyboard-and-Mouse-Optical-USB-MK345-/162218772834","371","79","0"
"https://www.ebay.com.au/itm/Logitech-K120-USB-Wired-Keyboard-Quiet-Plug-and-play-Typing-AU-Stock-/233165310997","106","28.95","0"
"https://www.ebay.com.au/itm/Logitech-G440-Hard-Gaming-Mouse-Pad-Free-Delivery-/112820266779","784","38","0"
"https://www.ebay.com.au/itm/Logitech-M238-Fan-Collection-WIRELESS-MOUSE-Australia-Free-Postage-/113616962813","189","25","0"
"https://www.ebay.com.au/itm/Logitech-K120-Keyboard-Black-Wired-USB-Compact-Quiet-Keys-/181467833674","349","29","0"
"https://www.ebay.com.au/itm/Logitech-Z213-Multimedia-Speakers-/162976106341","158","44","6"
"https://www.ebay.com.au/itm/Logitech-920-007165-Wireless-Touch-Keyboard-K400-Plus-/163900113437","87","59","6"
"https://www.ebay.com.au/itm/Logitech-M280-Ergonomic-Wireless-Mouse-Optical-1000DPI-2-4G-10M-PC-Laptop-/123330958585?var=","512","39.99","0"
"https://www.ebay.com.au/itm/Logitech-F710-Wireless-Gamepad-PC-/171068265519","187","78","0"
"https://www.ebay.com.au/itm/Logitech-K480-Bluetooth-Multi-Device-Keyboard-Black-smartphone-tablet-iPad-/171678018941","28","75","0"
"https://www.ebay.com.au/itm/Logitech-Mk345-Wireless-Combo-Keyboard-Mouse-Extra-long-battery-life-/171576142086","244","69","0"
"https://www.ebay.com.au/itm/Logitech-Harmony-650-Universal-Remote-Control-Advance-Remote-Control-915-000173-/254077754637","46","79.99","0"
"https://www.ebay.com.au/itm/Logitech-Ultimate-Ears-100-UE-Noise-Isolating-Earphones-Hipster-Retail-Pack-/191183981580","95","29.95","0"
"https://www.ebay.com.au/itm/2-X-Logitech-M187-Wireless-Mini-Portable-USB-Optical-Mouse-White-Free-Postage-/123671225039","52","69","0"
"https://www.ebay.com.au/itm/Bluetooth-Audio-Adapter-15m-BT3-0-Wireless-Audio-Logitech-980-000914-/282083847482","89","67.69","0"
"https://www.ebay.com.au/itm/Mouse-Wireless-Optical-Laptop-PC-1000DPI-M185-Logitech-910-002255-/282089143172","822","36.22","0"
"https://www.ebay.com.au/itm/Logitech-MK270R-USB-Wireless-Keyboard-and-Mouse-Combo-Desktop-Laptop-PC-Mac-/292613122647","215","73","0"
"https://www.ebay.com.au/itm/Logitech-K400-Plus-Wireless-Touch-Black-Keyboard-/231366606850","309","55","14.95"
"https://www.ebay.com.au/itm/UE-Charger-AC-Adapter-Fast-USB-Cable-Boom-Megaboom-Blast-Megablast-Original-AU-/223551463431?var=","178","12.99","0"
"https://www.ebay.com.au/itm/Logitech-MK220-Wireless-Combo-Desktop-Keyboard-Mouse-2-4Ghz-/181164600480","304","43.9","0"
"https://www.ebay.com.au/itm/Logitech-Wireless-Trackball-M570-Mouse-Unifying-Receiver-PC-Mac-OZ-WARRANTY-/312469250937","82","74.9","0"
